<application>
  <component name="FileTypeManager" version="18">
    <extensionMap>
      <mapping pattern=".gitgnore" type="PLAIN_TEXT" />
      <mapping pattern="test" type="PLAIN_TEXT" />
      <mapping pattern=".gitkeep" type="PLAIN_TEXT" />
      <mapping pattern=".htaccess 3" type="PLAIN_TEXT" />
      <mapping pattern=".htaccess 4" type="PLAIN_TEXT" />
      <mapping pattern=".browserslistrc" type="PLAIN_TEXT" />
      <mapping ext="ino" type="PLAIN_TEXT" />
      <mapping ext="properties" type="PLAIN_TEXT" />
      <removed_mapping ext="gql" approved="true" type="Graql" />
      <removed_mapping ext="ignore" approved="true" type="IgnoreLang file" />
    </extensionMap>
  </component>
</application>